name,rarity,subtitle,details,image
Mini 01,common,Demo,"Details can be a stat line: 0.000 AVG, 0 HR, 0 RBI.",
Mini 02,common,Demo,Or a fun fact about whatever is on the card.,
Mini 03,common,Demo,"Or flavor text, like ""a card of few words.""",
Mini 04,common,Demo,Commas and quotes work as long as the cell is in quotes.,
Mini 05,common,Demo,Short and sweet.,
Mini 06,common,Demo,,
Mini 07,common,Demo,Leave details blank and the box just stays empty.,
Mini 08,common,Demo,Placeholder details.,
Mini 09,common,Demo,Placeholder details.,
Mini 10,common,Demo,Placeholder details.,
Mini 11,common,Demo,Placeholder details.,
Mini 12,common,Demo,Placeholder details.,
Mini 13,common,Demo,Placeholder details.,
Mini 14,common,Demo,Placeholder details.,
Mini 15,common,Demo,Placeholder details.,
Mini 16,common,Demo,Placeholder details.,
Mini 17,uncommon,Demo,Placeholder details.,
Mini 18,uncommon,Demo,Placeholder details.,
Mini 19,uncommon,Demo,Placeholder details.,
Mini 20,uncommon,Demo,Placeholder details.,
Mini 21,uncommon,Demo,Placeholder details.,
Mini 22,uncommon,Demo,Placeholder details.,
Mini 23,uncommon,Demo,This card uses a real image file instead of placeholder art.,sets/images/demo-mini/sample.svg
Mini 24,uncommon,Demo,Placeholder details.,
Mini 25,rare,Demo,Placeholder details.,
Mini 26,rare,Demo,Placeholder details.,
Mini 27,rare,Demo,Placeholder details.,
Mini 28,epic,Demo,Placeholder details.,
Mini 29,epic,Demo,Placeholder details.,
Mini 30,legendary,Demo,"This mini set has no Chase cards, so chase odds fall back to Legendary.",
